<data>
  <row ID="1" CustomerId="ALFKI" CompanyName="Alfreds Futterkiste" ContactName="Maria Anders" ContactTitle="Sales Representative" Address="Obere Str. 57" City="Berlin" PostalCode="12209" Country="Germany" Phone="030-0074321" Birthday="01/01/2000 00:00:00" Selected="True" website="http://www.codeproject.com" Price="0" />
  <row ID="2" CustomerId="ANATR" CompanyName="Ana Trujillo Emparedados y helados" ContactName="Ana Trujillo" ContactTitle="Owner" Address="Avda. de la Constitucion 2222" City="Mexico D.F." PostalCode="5021" Country="Mexico" Phone="(5) 555-4729" Birthday="01/01/2002 00:00:00" Selected="True" website="http://www.google.com/" Price="0.5" />
  <row ID="3" CustomerId="ANTON" CompanyName="Antonio Moreno Taqueria" ContactName="Antonio Moreno" ContactTitle="Owner" Address="Mataderos  2312" City="Mexico D.F." PostalCode="5023" Country="Mexico" Phone="(5) 555-3932" Birthday="01/01/2004 00:00:00" Selected="True" website="http://www.go-mono.com/" Price="1" />
  <row ID="4" CustomerId="AROUT" CompanyName="Around the Horn" ContactName="Thomas Hardy" ContactTitle="Sales Representative" Address="120 Hanover Sq." City="London" PostalCode="WA1 1DP" Country="UK" Phone="(171) 555-7788" Birthday="01/01/2006 00:00:00" Selected="True" website="http://www.google.com/" Price="1.5" />
  <row ID="5" CustomerId="BERGS" CompanyName="Berglunds snabbkop" ContactName="Christina Berglund" ContactTitle="Order Administrator" Address="Berguvsvagen  8" City="Lulea" PostalCode="S-958 22" Country="Sweden" Phone="0921-12 34 65" Birthday="01/01/2008 00:00:00" Selected="True" website="http://www.codeproject.com" Price="2" />
  <row ID="6" CustomerId="BLAUS" CompanyName="Blauer See Delikatessen" ContactName="Hanna Moos" ContactTitle="Sales Representative" Address="Forsterstr. 57" City="Mannheim" PostalCode="68306" Country="Germany" Phone="0621-08460" Birthday="01/01/2010 00:00:00" Selected="True" website="http://www.mozilla.org/" Price="20.5" />
  <row ID="7" CustomerId="BLONP" CompanyName="Blondesddsl pere et fils" ContactName="Frederique Citeaux" ContactTitle="Marketing Manager" Address="24, place Kleber" City="Strasbourg" PostalCode="67000" Country="France" Phone="88.60.15.31" Birthday="01/01/2012 00:00:00" Selected="True" website="http://www.mozilla.org/" Price="21" />
  <row ID="8" CustomerId="BOLID" CompanyName="Bolido Comidas preparadas" ContactName="Martin Sommer" ContactTitle="Owner" Address="C/ Araquil, 67" City="Madrid" PostalCode="28023" Country="Spain" Phone="(91) 555 22 82" Birthday="01/01/2014 00:00:00" Selected="True" website="http://www.go-mono.com/" Price="21.5" />
  <row ID="9" CustomerId="BONAP" CompanyName="Bon app'" ContactName="Laurence Lebihan" ContactTitle="Owner" Address="12, rue des Bouchers" City="Marseille" PostalCode="13008" Country="France" Phone="91.24.45.40" Birthday="01/01/2016 00:00:00" Selected="True" website="http://www.go-mono.com/" Price="22" />
  <row ID="10" CustomerId="BOTTM" CompanyName="Bottom-Dollar Markets" ContactName="Elizabeth Lincoln" ContactTitle="Accounting Manager" Address="23 Tsawassen Blvd." City="Tsawassen" PostalCode="T2F 8M4" Country="Canada" Phone="(604) 555-4729" Birthday="01/01/2018 00:00:00" Selected="True" website="http://www.mozilla.org/" Price="22.5" />
  <row ID="11" CustomerId="BSBEV" CompanyName="B's Beverages" ContactName="Victoria Ashworth" ContactTitle="Sales Representative" Address="Fauntleroy Circus" City="London" PostalCode="EC2 5NT" Country="UK" Phone="(171) 555-1212" Birthday="01/01/2020 00:00:00" Selected="True" website="http://www.codeproject.com" Price="23" />
  <row ID="12" CustomerId="CACTU" CompanyName="Cactus Comidas para llevar" ContactName="Patricio Simpson" ContactTitle="Sales Agent" Address="Cerrito 333" City="Buenos Aires" PostalCode="1010" Country="Argentina" Phone="(1) 135-5555" Birthday="01/01/2022 00:00:00" Selected="False" website="http://www.codeproject.com" Price="23.5" />
  <row ID="13" CustomerId="CENTC" CompanyName="Centro comercial Moctezuma" ContactName="Francisco Chang" ContactTitle="Marketing Manager" Address="Sierras de Granada 9993" City="Mexico D.F." PostalCode="5022" Country="Mexico" Phone="(5) 555-3392" Birthday="01/01/2024 00:00:00" Selected="False" website="http://www.mozilla.org/" Price="24" />
  <row ID="14" CustomerId="CHOPS" CompanyName="Chop-suey Chinese" ContactName="Yang Wang" ContactTitle="Owner" Address="Hauptstr. 29" City="Bern" PostalCode="3012" Country="Switzerland" Phone="0452-076545" Birthday="01/01/2026 00:00:00" Selected="True" website="http://www.codeproject.com" Price="24.5" />
  <row ID="15" CustomerId="COMMI" CompanyName="Comercio Mineiro" ContactName="Pedro Afonso" ContactTitle="Sales Associate" Address="Av. dos Lusiadas, 23" City="Sao Paulo" PostalCode="05432-043" Country="Brazil" Phone="(11) 555-7647" Birthday="01/01/2028 00:00:00" Selected="False" website="http://www.go-mono.com/" Price="25" />
  <row ID="16" CustomerId="CONSH" CompanyName="Consolidated Holdings" ContactName="Elizabeth Brown" ContactTitle="Sales Representative" Address="Berkeley Gardens 12  Brewery" City="London" PostalCode="WX1 6LT" Country="UK" Phone="(171) 555-2282" Birthday="01/01/2000 00:00:00" Selected="True" website="http://www.codeproject.com" Price="7.5" />
  <row ID="17" CustomerId="DRACD" CompanyName="Drachenblut Delikatessen" ContactName="Sven Ottlieb" ContactTitle="Order Administrator" Address="Walserweg 21" City="Aachen" PostalCode="52066" Country="Germany" Phone="0241-039123" Birthday="01/01/2000 00:00:00" Selected="False" website="http://www.codeproject.com" Price="8" />
  <row ID="18" CustomerId="DUMON" CompanyName="Du monde entier" ContactName="Janine Labrune" ContactTitle="Owner" Address="67, rue des Cinquante Otages" City="Nantes" PostalCode="44000" Country="France" Phone="40.67.88.88" Birthday="01/01/2000 00:00:00" Selected="True" website="http://www.codeproject.com" Price="8.5" />
  <row ID="19" CustomerId="EASTC" CompanyName="Eastern Connection" ContactName="Ann Devon" ContactTitle="Sales Agent" Address="35 King George" City="London" PostalCode="WX3 6FW" Country="UK" Phone="(171) 555-0297" Birthday="01/01/2000 00:00:00" Selected="True" website="http://www.codeproject.com" Price="9" />
  <row ID="20" CustomerId="ERNSH" CompanyName="Ernst Handel" ContactName="Roland Mendel" ContactTitle="Sales Manager" Address="Kirchgasse 6" City="Graz" PostalCode="8010" Country="Austria" Phone="7675-3425" Birthday="01/01/2000 00:00:00" Selected="True" website="http://www.codeproject.com" Price="9.5" />
  <row ID="21" CustomerId="FAMIA" CompanyName="Familia Arquibaldo" ContactName="Aria Cruz" ContactTitle="Marketing Assistant" Address="Rua Oros, 92" City="Sao Paulo" PostalCode="05442-030" Country="Brazil" Phone="(11) 555-9857" Birthday="01/02/2000 00:00:00" Selected="False" website="http://www.codeproject.com" Price="10" />
  <row ID="22" CustomerId="FISSA" CompanyName="FISSA Fabrica Inter. Salchichas S.A." ContactName="Diego Roel" ContactTitle="Accounting Manager" Address="C/ Moralzarzal, 86" City="Madrid" PostalCode="28034" Country="Spain" Phone="(91) 555 94 44" Birthday="01/03/2000 00:00:00" Selected="True" website="http://www.codeproject.com" Price="10.5" />
  <row ID="23" CustomerId="FOLIG" CompanyName="Folies gourmandes" ContactName="Martine Rance" ContactTitle="Assistant Sales Agent" Address="184, chaussee de Tournai" City="Lille" PostalCode="59000" Country="France" Phone="20.16.10.16" Birthday="01/04/2000 00:00:00" Selected="True" website="http://www.codeproject.com" Price="11" />
  <row ID="24" CustomerId="FOLKO" CompanyName="Folk och fa HB" ContactName="Maria Larsson" ContactTitle="Owner" Address="akergatan 24" City="Bracke" PostalCode="S-844 67" Country="Sweden" Phone="0695-34 67 21" Birthday="01/05/2000 00:00:00" Selected="True" website="http://www.codeproject.com" Price="11.5" />
  <row ID="25" CustomerId="FRANK" CompanyName="Frankenversand" ContactName="Peter Franken" ContactTitle="Marketing Manager" Address="Berliner Platz 43" City="Munchen" PostalCode="80805" Country="Germany" Phone="089-0877310" Birthday="01/06/2000 00:00:00" Selected="False" website="http://www.codeproject.com" Price="12" />
  <row ID="26" CustomerId="FRANR" CompanyName="France restauration" ContactName="Carine Schmitt" ContactTitle="Marketing Manager" Address="54, rue Royale" City="Nantes" PostalCode="44000" Country="France" Phone="40.32.21.21" Birthday="01/07/2000 00:00:00" Selected="True" website="http://www.codeproject.com" Price="12.5" />
  <row ID="27" CustomerId="FRANS" CompanyName="Franchi S.p.A." ContactName="Paolo Accorti" ContactTitle="Sales Representative" Address="Via Monte Bianco 34" City="Torino" PostalCode="10100" Country="Italy" Phone="011-4988260" Birthday="01/08/2000 00:00:00" Selected="True" website="http://www.codeproject.com" Price="13" />
  <row ID="28" CustomerId="FURIB" CompanyName="Furia Bacalhau e Frutos do Mar" ContactName="Lino Rodriguez" ContactTitle="Sales Manager" Address="Jardim das rosas n. 32" City="Lisboa" PostalCode="1675" Country="Portugal" Phone="(1) 354-2534" Birthday="01/09/2000 00:00:00" Selected="True" website="http://www.codeproject.com" Price="13.5" />
  <row ID="29" CustomerId="GALED" CompanyName="Galeria del gastronomo" ContactName="Eduardo Saavedra" ContactTitle="Marketing Manager" Address="Rambla de Cataluna, 23" City="Barcelona" PostalCode="8022" Country="Spain" Phone="(93) 203 4560" Birthday="01/10/2000 00:00:00" Selected="True" website="http://www.codeproject.com" Price="14" />
  <row ID="30" CustomerId="GODOS" CompanyName="Godos Cocina Tipica" ContactName="Jose Pedro Freyre" ContactTitle="Sales Manager" Address="C/ Romero, 33" City="Sevilla" PostalCode="41101" Country="Spain" Phone="(95) 555 82 82" Birthday="01/11/2000 00:00:00" Selected="True" website="http://www.mozilla.org/" Price="14.5" />
  <row ID="31" CustomerId="GOURL" CompanyName="Gourmet Lanchonetes" ContactName="Andre Fonseca" ContactTitle="Sales Associate" Address="Av. Brasil, 442" City="Campinas" PostalCode="04876-786" Country="Brazil" Phone="(11) 555-9482" Birthday="01/12/2000 00:00:00" Selected="True" website="http://www.google.com/" Price="15" />
  <row ID="32" CustomerId="GREAL" CompanyName="Great Lakes Food Market" ContactName="Howard Snyder" ContactTitle="Marketing Manager" Address="2732 Baker Blvd." City="Eugene" PostalCode="97403" Country="USA" Phone="(503) 555-7555" Birthday="01/13/2000 00:00:00" Selected="True" website="http://www.codeproject.com" Price="15.5" />
  <row ID="33" CustomerId="GROSR" CompanyName="GROSELLA-Restaurante" ContactName="Manuel Pereira" ContactTitle="Owner" Address="5  Ave. Los Palos Grandes" City="Caracas" PostalCode="1081" Country="Venezuela" Phone="(2) 283-2951" Birthday="01/14/2000 00:00:00" Selected="True" website="http://www.codeproject.com" Price="16" />
  <row ID="34" CustomerId="HANAR" CompanyName="Hanari Carnes" ContactName="Mario Pontes" ContactTitle="Accounting Manager" Address="Rua do Paco, 67" City="Rio de Janeiro" PostalCode="05454-876" Country="Brazil" Phone="(21) 555-0091" Birthday="01/01/2000 00:00:00" Selected="True" website="http://www.codeproject.com" Price="16.5" />
  <row ID="35" CustomerId="HILAA" CompanyName="HILARION-Abastos" ContactName="Carlos Hernandez" ContactTitle="Sales Representative" Address="Carrera 22 con Ave. Carlos Soublette  8-35" City="San Cristobal" PostalCode="5022" Country="Venezuela" Phone="(5) 555-1340" Birthday="01/01/2000 00:00:00" Selected="True" website="http://www.codeproject.com" Price="17" />
  <row ID="36" CustomerId="HUNGC" CompanyName="Hungry Coyote Import Store" ContactName="Yoshi Latimer" ContactTitle="Sales Representative" Address="City Center Plaza 516 Main St." City="Elgin" PostalCode="97827" Country="USA" Phone="(503) 555-6874" Birthday="01/01/2000 00:00:00" Selected="True" website="http://www.codeproject.com" Price="17.5" />
  <row ID="37" CustomerId="HUNGO" CompanyName="Hungry Owl All-Night Grocers" ContactName="Patricia McKenna" ContactTitle="Sales Associate" Address="8 Johnstown Road" City="Cork" PostalCode="" Country="Ireland" Phone="2967 542" Birthday="01/01/2000 00:00:00" Selected="True" website="http://www.codeproject.com" Price="18" />
  <row ID="38" CustomerId="ISLAT" CompanyName="Island Trading" ContactName="Helen Bennett" ContactTitle="Marketing Manager" Address="Garden House Crowther Way" City="Cowes" PostalCode="PO31 7PJ" Country="UK" Phone="(198) 555-8888" Birthday="01/01/2000 00:00:00" Selected="True" website="http://www.codeproject.com" Price="18.5" />
  <row ID="39" CustomerId="KOENE" CompanyName="Koniglich Essen" ContactName="Philip Cramer" ContactTitle="Sales Associate" Address="Maubelstr. 90" City="Brandenburg" PostalCode="14776" Country="Germany" Phone="0555-09876" Birthday="01/01/2000 00:00:00" Selected="True" website="http://www.codeproject.com" Price="19" />
  <row ID="40" CustomerId="LACOR" CompanyName="La corne dapos;abondance" ContactName="Daniel Tonini" ContactTitle="Sales Representative" Address="67, avenue de l'Europe" City="Versailles" PostalCode="78000" Country="France" Phone="30.59.84.10" Birthday="01/01/2000 00:00:00" Selected="True" website="http://www.codeproject.com" Price="19.5" />
  <row ID="41" CustomerId="LAMAI" CompanyName="La maison d'Asie" ContactName="Annette Roulet" ContactTitle="Sales Manager" Address="1 rue Alsace-Lorraine" City="Toulouse" PostalCode="31000" Country="France" Phone="61.77.61.10" Birthday="01/01/2000 00:00:00" Selected="True" website="http://www.mozilla.org/" Price="20" />
  <row ID="42" CustomerId="LAUGB" CompanyName="Laughing Bacchus Wine Cellars" ContactName="Yoshi Tannamuri" ContactTitle="Marketing Assistant" Address="1900 Oak St." City="Vancouver" PostalCode="V3F 2K1" Country="Canada" Phone="(604) 555-3392" Birthday="01/01/2000 00:00:00" Selected="True" website="http://www.codeproject.com" Price="20.5" />
  <row ID="43" CustomerId="LAZYK" CompanyName="Lazy K Kountry Store" ContactName="John Steel" ContactTitle="Marketing Manager" Address="12 Orchestra Terrace" City="Walla Walla" PostalCode="99362" Country="USA" Phone="(509) 555-7969" Birthday="01/01/2000 00:00:00" Selected="True" website="http://www.codeproject.com" Price="16.5" />
  <row ID="44" CustomerId="LEHMS" CompanyName="Lehmanns Marktstand" ContactName="Renate Messner" ContactTitle="Sales Representative" Address="Magazinweg 7" City="Frankfurt a.M." PostalCode="60528" Country="Germany" Phone="069-0245984" Birthday="01/01/2000 00:00:00" Selected="True" website="http://www.codeproject.com" Price="17" />
  <row ID="45" CustomerId="LETSS" CompanyName="Let's Stop N Shop" ContactName="Jaime Yorres" ContactTitle="Owner" Address="87 Polk St. Suite 5" City="San Francisco" PostalCode="94117" Country="USA" Phone="(415) 555-5938" Birthday="01/01/2000 00:00:00" Selected="True" website="http://www.google.com/" Price="17.5" />
  <row ID="46" CustomerId="LILAS" CompanyName="LILA-Supermercado" ContactName="Carlos Gonzalez" ContactTitle="Accounting Manager" Address="Carrera 52 con Ave. Bolivar  65-98 Llano Largo" City="Barquisimeto" PostalCode="3508" Country="Venezuela" Phone="(9) 331-6954" Birthday="01/01/2000 00:00:00" Selected="True" website="http://www.codeproject.com" Price="18" />
  <row ID="47" CustomerId="LINOD" CompanyName="LINO-Delicateses" ContactName="Felipe Izquierdo" ContactTitle="Owner" Address="Ave. 5 de Mayo Porlamar" City="I. de Margarita" PostalCode="4980" Country="Venezuela" Phone="(8) 34-56-12" Birthday="01/01/2000 00:00:00" Selected="True" website="http://www.codeproject.com" Price="18.5" />
  <row ID="48" CustomerId="LONEP" CompanyName="Lonesome Pine Restaurant" ContactName="Fran Wilson" ContactTitle="Sales Manager" Address="89 Chiaroscuro Rd." City="Portland" PostalCode="97219" Country="USA" Phone="(503) 555-9573" Birthday="01/01/2000 00:00:00" Selected="True" website="http://www.google.com/" Price="19" />
  <row ID="49" CustomerId="MAGAA" CompanyName="Magazzini Alimentari Riuniti" ContactName="Giovanni Rovelli" ContactTitle="Marketing Manager" Address="Via Ludovico il Moro 22" City="Bergamo" PostalCode="24100" Country="Italy" Phone="035-640230" Birthday="01/01/2000 00:00:00" Selected="True" website="http://www.codeproject.com" Price="24" />
  <row ID="50" CustomerId="MAISD" CompanyName="Maison Dewey" ContactName="Catherine Dewey" ContactTitle="Sales Agent" Address="Rue Joseph-Bens 532" City="Bruxelles" PostalCode="B-1180" Country="Belgium" Phone="(02) 201 24 67" Birthday="01/01/2000 00:00:00" Selected="True" website="http://www.codeproject.com" Price="24.5" />
  <row ID="51" CustomerId="MEREP" CompanyName="Mere Paillarde" ContactName="Jean Fresniere" ContactTitle="Marketing Assistant" Address="43 rue St. Laurent" City="Montreal" PostalCode="H1J 1C3" Country="Canada" Phone="(514) 555-8054" Birthday="01/01/2000 00:00:00" Selected="True" website="http://www.go-mono.com/" Price="25" />
  <row ID="52" CustomerId="MORGK" CompanyName="Morgenstern Gesundkost" ContactName="Alexander Feuer" ContactTitle="Marketing Assistant" Address="Heerstr. 22" City="Leipzig" PostalCode="4179" Country="Germany" Phone="0342-023176" Birthday="01/01/2000 00:00:00" Selected="True" website="http://www.codeproject.com" Price="25.5" />
  <row ID="53" CustomerId="NORTS" CompanyName="North/South" ContactName="Simon Crowther" ContactTitle="Sales Associate" Address="South House 300 Queensbridge" City="London" PostalCode="SW7 1RZ" Country="UK" Phone="(171) 555-7733" Birthday="01/01/2000 00:00:00" Selected="True" website="http://www.codeproject.com" Price="26" />
  <row ID="54" CustomerId="OCEAN" CompanyName="Oceano Atlantico Ltda." ContactName="Yvonne Moncada" ContactTitle="Sales Agent" Address="Ing. Gustavo Moncada 8585 Piso 20-A" City="Buenos Aires" PostalCode="1010" Country="Argentina" Phone="(1) 135-5333" Birthday="01/01/2000 00:00:00" Selected="True" website="http://www.codeproject.com" Price="26.5" />
  <row ID="55" CustomerId="OLDWO" CompanyName="Old World Delicatessen" ContactName="Rene Phillips" ContactTitle="Sales Representative" Address="2743 Bering St." City="Anchorage" PostalCode="99508" Country="USA" Phone="(907) 555-7584" Birthday="01/01/2000 00:00:00" Selected="True" website="http://www.codeproject.com" Price="27" />
  <row ID="56" CustomerId="OTTIK" CompanyName="Ottilies Kaseladen" ContactName="Henriette Pfalzheim" ContactTitle="Owner" Address="Mehrheimerstr. 369" City="Koln" PostalCode="50739" Country="Germany" Phone="0221-0644327" Birthday="02/01/2000 00:00:00" Selected="True" website="http://www.codeproject.com" Price="27.5" />
  <row ID="57" CustomerId="PARIS" CompanyName="Paris specialites" ContactName="Marie Bertrand" ContactTitle="Owner" Address="265, boulevard Charonne" City="Paris" PostalCode="75012" Country="France" Phone="(1) 42.34.22.66" Birthday="03/01/2000 00:00:00" Selected="True" website="http://www.codeproject.com" Price="28" />
  <row ID="58" CustomerId="PERIC" CompanyName="Pericles Comidas clasicas" ContactName="Guillermo Fernandez" ContactTitle="Sales Representative" Address="Calle Dr. Jorge Cash 321" City="Mexico D.F." PostalCode="5033" Country="Mexico" Phone="(5) 552-3745" Birthday="04/01/2000 00:00:00" Selected="True" website="http://www.codeproject.com" Price="28.5" />
  <row ID="59" CustomerId="PICCO" CompanyName="Piccolo und mehr" ContactName="Georg Pipps" ContactTitle="Sales Manager" Address="Geislweg 14" City="Salzburg" PostalCode="5020" Country="Austria" Phone="6562-9722" Birthday="05/01/2000 00:00:00" Selected="True" website="http://www.codeproject.com" Price="29" />
  <row ID="60" CustomerId="PRINI" CompanyName="Princesa Isabel Vinhos" ContactName="Isabel de Castro" ContactTitle="Sales Representative" Address="Estrada da saude n. 58" City="Lisboa" PostalCode="1756" Country="Portugal" Phone="(1) 356-5634" Birthday="06/01/2000 00:00:00" Selected="True" website="http://www.codeproject.com" Price="29.5" />
  <row ID="61" CustomerId="QUEDE" CompanyName="Que Delicia" ContactName="Bernardo Batista" ContactTitle="Accounting Manager" Address="Rua da Panificadora, 12" City="Rio de Janeiro" PostalCode="02389-673" Country="Brazil" Phone="(21) 555-4252" Birthday="07/01/2000 00:00:00" Selected="True" website="http://www.codeproject.com" Price="30" />
  <row ID="62" CustomerId="QUEEN" CompanyName="Queen Cozinha" ContactName="Lucia Carvalho" ContactTitle="Marketing Assistant" Address="Alameda dos Canarios, 891" City="Sao Paulo" PostalCode="05487-020" Country="Brazil" Phone="(11) 555-1189" Birthday="08/01/2000 00:00:00" Selected="True" website="http://www.codeproject.com" Price="30.5" />
  <row ID="63" CustomerId="QUICK" CompanyName="QUICK-Stop" ContactName="Horst Kloss" ContactTitle="Accounting Manager" Address="Taucherstrabe 10" City="Cunewalde" PostalCode="1307" Country="Germany" Phone="0372-035188" Birthday="01/09/2000 00:00:00" Selected="True" website="http://www.codeproject.com" Price="31" />
  <row ID="64" CustomerId="RANCH" CompanyName="Rancho grande" ContactName="Sergio Gutierrez" ContactTitle="Sales Representative" Address="Av. del Libertador 900" City="Buenos Aires" PostalCode="1010" Country="Argentina" Phone="(1) 123-5555" Birthday="10/01/2000 00:00:00" Selected="True" website="http://www.codeproject.com" Price="31.5" />
  <row ID="65" CustomerId="RATTC" CompanyName="Rattlesnake Canyon Grocery" ContactName="Paula Wilson" ContactTitle="Assistant Sales Representative" Address="2817 Milton Dr." City="Albuquerque" PostalCode="87110" Country="USA" Phone="(505) 555-5939" Birthday="11/01/2000 00:00:00" Selected="True" website="http://www.codeproject.com" Price="32" />
  <row ID="66" CustomerId="REGGC" CompanyName="Reggiani Caseifici" ContactName="Maurizio Moroni" ContactTitle="Sales Associate" Address="Strada Provinciale 124" City="Reggio Emilia" PostalCode="42100" Country="Italy" Phone="0522-556721" Birthday="12/01/2000 00:00:00" Selected="True" website="http://www.codeproject.com" Price="32.5" />
  <row ID="67" CustomerId="RICAR" CompanyName="Ricardo Adocicados" ContactName="Janete Limeira" ContactTitle="Assistant Sales Agent" Address="Av. Copacabana, 267" City="Rio de Janeiro" PostalCode="02389-890" Country="Brazil" Phone="(21) 555-3412" Birthday="01/01/2001 00:00:00" Selected="True" website="http://www.codeproject.com" Price="33" />
  <row ID="68" CustomerId="RICSU" CompanyName="Richter Supermarkt" ContactName="Michael Holz" ContactTitle="Sales Manager" Address="Grenzacherweg 237" City="Geneve" PostalCode="1203" Country="Switzerland" Phone="0897-034214" Birthday="02/01/2001 00:00:00" Selected="True" website="http://www.codeproject.com" Price="33.5" />
  <row ID="69" CustomerId="ROMEY" CompanyName="Romero y tomillo" ContactName="Alejandra Camino" ContactTitle="Accounting Manager" Address="Gran Via, 1" City="Madrid" PostalCode="28001" Country="Spain" Phone="(91) 745 6200" Birthday="03/01/2001 00:00:00" Selected="True" website="http://www.codeproject.com" Price="34" />
  <row ID="70" CustomerId="SANTG" CompanyName="Sante Gourmet" ContactName="Jonas Bergulfsen" ContactTitle="Owner" Address="Erling Skakkes gate 78" City="Stavern" PostalCode="4110" Country="Norway" Phone="07-98 92 35" Birthday="04/01/2001 00:00:00" Selected="True" website="http://www.codeproject.com" Price="34.5" />
  <row ID="71" CustomerId="SAVEA" CompanyName="Save-a-lot Markets" ContactName="Jose Pavarotti" ContactTitle="Sales Representative" Address="187 Suffolk Ln." City="Boise" PostalCode="83720" Country="USA" Phone="(208) 555-8097" Birthday="05/01/2001 00:00:00" Selected="True" website="http://www.codeproject.com" Price="35" />
  <row ID="72" CustomerId="SEVES" CompanyName="Seven Seas Imports" ContactName="Hari Kumar" ContactTitle="Sales Manager" Address="90 Wadhurst Rd." City="London" PostalCode="OX15 4NB" Country="UK" Phone="(171) 555-1717" Birthday="06/01/2001 00:00:00" Selected="True" website="http://www.codeproject.com" Price="35.5" />
  <row ID="73" CustomerId="SIMOB" CompanyName="Simons bistro" ContactName="Jytte Petersen" ContactTitle="Owner" Address="Vinbaeltet 34" City="Kobenhavn" PostalCode="1734" Country="Denmark" Phone="31 12 34 56" Birthday="07/01/2001 00:00:00" Selected="True" website="http://www.codeproject.com" Price="36" />
  <row ID="74" CustomerId="SPECD" CompanyName="Specialites du monde" ContactName="Dominique Perrier" ContactTitle="Marketing Manager" Address="25, rue Lauriston" City="Paris" PostalCode="75016" Country="France" Phone="(1) 47.55.60.10" Birthday="08/01/2001 00:00:00" Selected="True" website="http://www.codeproject.com" Price="36.5" />
  <row ID="75" CustomerId="SPLIR" CompanyName="Split Rail Beer &amp; Ale" ContactName="Art Braunschweiger" ContactTitle="Sales Manager" Address="P.O. Box 555" City="Lander" PostalCode="82520" Country="USA" Phone="(307) 555-4680" Birthday="09/01/2001 00:00:00" Selected="True" website="http://www.codeproject.com" Price="37" />
  <row ID="76" CustomerId="SUPRD" CompanyName="Supremes delices" ContactName="Pascale Cartrain" ContactTitle="Accounting Manager" Address="Boulevard Tirou, 255" City="Charleroi" PostalCode="B-6000" Country="Belgium" Phone="(071) 23 67 22 20" Birthday="10/01/2001 00:00:00" Selected="True" website="http://www.codeproject.com" Price="37.5" />
  <row ID="77" CustomerId="THEBI" CompanyName="The Big Cheese" ContactName="Liz Nixon" ContactTitle="Marketing Manager" Address="89 Jefferson Way Suite 2" City="Portland" PostalCode="97201" Country="USA" Phone="(503) 555-3612" Birthday="11/01/2001 00:00:00" Selected="True" website="http://www.codeproject.com" Price="38" />
  <row ID="78" CustomerId="THECR" CompanyName="The Cracker Box" ContactName="Liu Wong" ContactTitle="Marketing Assistant" Address="55 Grizzly Peak Rd." City="Butte" PostalCode="59801" Country="USA" Phone="(406) 555-5834" Birthday="01/12/2001 00:00:00" Selected="True" website="http://www.codeproject.com" Price="38.5" />
  <row ID="79" CustomerId="TOMSP" CompanyName="Toms Spezialitaten" ContactName="Karin Josephs" ContactTitle="Marketing Manager" Address="Luisenstr. 48" City="Munster" PostalCode="44087" Country="Germany" Phone="0251-031259" Birthday="01/01/2002 00:00:00" Selected="True" website="http://www.codeproject.com" Price="30.5" />
  <row ID="80" CustomerId="TORTU" CompanyName="Tortuga Restaurante" ContactName="Miguel Angel Paolino" ContactTitle="Owner" Address="Avda. Azteca 123" City="Mexico D.F." PostalCode="5033" Country="Mexico" Phone="(5) 555-2933" Birthday="02/01/2002 00:00:00" Selected="True" website="http://www.codeproject.com" Price="31" />
  <row ID="81" CustomerId="TRADH" CompanyName="Tradicao Hipermercados" ContactName="Anabela Domingues" ContactTitle="Sales Representative" Address="Av. Ines de Castro, 414" City="Sao Paulo" PostalCode="05634-030" Country="Brazil" Phone="(11) 555-2167" Birthday="03/01/2002 00:00:00" Selected="True" website="http://www.codeproject.com" Price="31.5" />
  <row ID="82" CustomerId="TRAIH" CompanyName="Trail's Head Gourmet Provisioners" ContactName="Helvetius Nagy" ContactTitle="Sales Associate" Address="722 DaVinci Blvd." City="Kirkland" PostalCode="98034" Country="USA" Phone="(206) 555-8257" Birthday="04/01/2002 00:00:00" Selected="True" website="http://www.codeproject.com" Price="32" />
  <row ID="83" CustomerId="VAFFE" CompanyName="Vaffeljernet" ContactName="Palle Ibsen" ContactTitle="Sales Manager" Address="Smagsloget 45" City="arhus" PostalCode="8200" Country="Denmark" Phone="86 21 32 43" Birthday="05/01/2002 00:00:00" Selected="True" website="http://www.codeproject.com" Price="32.5" />
  <row ID="84" CustomerId="VICTE" CompanyName="Victuailles en stock" ContactName="Mary Saveley" ContactTitle="Sales Agent" Address="2, rue du Commerce" City="Lyon" PostalCode="69004" Country="France" Phone="78.32.54.86" Birthday="06/01/2002 00:00:00" Selected="True" website="http://www.codeproject.com" Price="33" />
  <row ID="85" CustomerId="VINET" CompanyName="Vins et alcools Chevalier" ContactName="Paul Henriot" ContactTitle="Accounting Manager" Address="59 rue de l'Abbaye" City="Reims" PostalCode="51100" Country="France" Phone="26.47.15.10" Birthday="07/01/2002 00:00:00" Selected="True" website="http://www.codeproject.com" Price="33.5" />
  <row ID="86" CustomerId="WANDK" CompanyName="Die Wandernde Kuh" ContactName="Rita Muller" ContactTitle="Sales Representative" Address="Adenauerallee 900" City="Stuttgart" PostalCode="70563" Country="Germany" Phone="0711-020361" Birthday="01/08/2002 00:00:00" Selected="True" website="http://www.codeproject.com" Price="34" />
  <row ID="87" CustomerId="WARTH" CompanyName="Wartian Herkku" ContactName="Pirkko Koskitalo" ContactTitle="Accounting Manager" Address="Torikatu 38" City="Oulu" PostalCode="90110" Country="Finland" Phone="981-443655" Birthday="09/01/2002 00:00:00" Selected="True" website="http://www.codeproject.com" Price="34.5" />
  <row ID="88" CustomerId="WELLI" CompanyName="Wellington Importadora" ContactName="Paula Parente" ContactTitle="Sales Manager" Address="Rua do Mercado, 12" City="Resende" PostalCode="08737-363" Country="Brazil" Phone="(14) 555-8122" Birthday="10/01/2002 00:00:00" Selected="True" website="http://www.codeproject.com" Price="35" />
  <row ID="89" CustomerId="WHITC" CompanyName="White Clover Markets" ContactName="Karl Jablonski" ContactTitle="Owner" Address="305 - 14th Ave. S. Suite 3B" City="Seattle" PostalCode="98128" Country="USA" Phone="(206) 555-4112" Birthday="11/01/2002 00:00:00" Selected="True" website="http://www.codeproject.com" Price="44" />
  <row ID="90" CustomerId="WILMK" CompanyName="Wilman Kala" ContactName="Matti Karttunen" ContactTitle="Owner/Marketing Assistant" Address="Keskuskatu 45" City="Helsinki" PostalCode="21240" Country="Finland" Phone="90-224 8858" Birthday="12/01/2002 00:00:00" Selected="True" website="http://www.codeproject.com" Price="44.5" />
  <row ID="91" CustomerId="WOLZA" CompanyName="Wolski  Zajazd" ContactName="Zbyszek Piestrzeniewicz" ContactTitle="Owner" Address="ul. Filtrowa 68" City="Warszawa" PostalCode="01-012" Country="Poland" Phone="(26) 642-7012" Birthday="01/01/2003 00:00:00" Selected="True" website="http://www.codeproject.com" Price="45" />
</data>